1,Login,fail
1,null,fail
1,null,fail
1,null,fail
1,null,fail
1,null,fail
1,null,fail
1,null,fail
1,null,fail
1,null,fail
1,null,fail
1,null,fail
1,null,fail
1,null,fail
1,null,fail
1,null,fail
1,null,fail
1,null,fail
1,null,fail
1,null,fail
1,null,fail
1,null,fail
1,null,fail
1,null,fail
1,null,fail
1,null,pass
1,,pass
1,,pass
1,,pass
1,,pass
1,,pass
1,,pass
1,,pass
1,,pass
1,,pass
1,,pass
1,,pass
1,null,fail
1,,pass
1,,pass
1,null,pass
1,null,pass
601,null,fail
601,null,fail
601,null,fail
601,null,pass
601,null,fail
601,null,fail
601,null,pass
601,null,pass
601,null,pass
601,null,fail
601,null,fail
601,null,fail
601,null,fail
601,null,fail
601,null,pass
601,null,fail
601,null,pass
601,null,pass
601,null,fail
601,null,fail
601,null,fail
601,null,fail
601,null,fail
601,null,fail
601,null,fail
601,null,fail
601,null,fail
601,null,fail
601,null,fail
601,null,fail
601,null,fail
601,null,fail
601,null,fail
601,null,fail
601,null,fail
601,null,fail
601,null,fail
601,null,fail
601,null,fail
601,null,fail
601,null,fail
601,null,pass
601,null,fail
601,null,fail
601,null,fail
601,null,fail
601,null,fail
601,null,fail
601,null,fail
601,null,fail
601,null,fail
601,null,fail
601,null,fail
601,null,fail
601,null,fail
601,null,fail
601,null,fail
601,null,fail
601,null,fail
601,null,fail
601,null,fail
601,null,pass
601,null,fail
601,null,fail
601,null,fail
601,null,fail
601,null,pass
601,null,fail
601,null,fail
601,null,fail
601,null,fail
601,null,fail
601,null,fail
601,null,fail
601,null,fail
601,null,fail
601,null,fail
601,null,pass
601,null,fail
601,null,fail
601,null,fail
601,null,fail
601,null,fail
601,null,fail
601,null,fail
601,null,fail
601,null,fail
601,null,fail
601,null,fail
601,null,fail
601,null,fail
601,null,fail
601,null,fail
601,null,fail
601,null,pass
601,null,fail
601,null,fail
601,null,fail
601,null,fail
601,null,fail
601,null,fail
601,null,fail
601,null,fail
601,null,fail
601,null,fail
601,null,fail
601,null,fail
601,null,fail
601,null,pass
601,null,fail
601,null,fail
601,null,pass
601,null,fail
601,null,fail
601,null,fail
601,null,fail
601,null,fail
601,null,fail
601,null,fail
601,null,pass
601,null,pass
601,null,fail
601,null,fail
601,null,pass
601,null,fail
601,null,fail
601,null,pass
601,null,fail
601,null,fail
601,null,fail
601,null,fail
601,null,fail
601,null,fail
601,null,fail
601,null,fail
601,null,fail
601,null,fail
601,null,fail
601,null,fail
601,null,fail
601,null,fail
601,null,fail
601,null,fail
601,null,pass
601,null,fail
601,null,fail
601,null,fail
601,null,fail
601,null,fail
601,null,fail
601,null,fail
601,null,fail
601,null,fail
601,null,pass
601,null,fail
601,null,fail
601,null,fail
601,null,fail
601,null,fail
601,null,fail
607,null,fail
607,null,fail
607,null,fail
601,null,pass
620,null,fail
625,null,pass
634,null,fail
603,null,fail
618,null,fail
625,null,fail
601,null,pass
620,null,fail
620,null,fail
620,null,fail
620,null,fail
620,null,fail
620,null,fail
720,null,fail
423,null,fail
423,null,fail
423,null,fail
423,null,pass
720,null,fail
423,null,pass
423,null,pass
423,null,fail
423,null,fail
423,null,fail
423,null,fail
423,null,fail
423,null,fail
423,null,fail
423,null,fail
423,null,pass
423,null,pass
423,null,pass
423,null,fail
458,null,fail
458,null,fail
458,null,fail
458,null,fail
458,null,fail
458,null,fail
458,null,fail
423,null,pass
423,null,fail
423,null,fail
423,null,fail
423,null,fail
423,null,pass
458,null,fail
458,null,fail
458,null,fail
720,null,pass
205,null,fail
205,null,fail
203,null,pass
205,null,fail
205,null,fail
205,null,fail
205,null,fail
203,null,pass
203,null,fail
203,null,pass
700,null,fail
700,null,pass
700,null,fail
700,null,fail
700,null,fail
203,,pass
203,null,fail
203,null,fail
203,null,fail
203,null,fail
203,null,pass
203,null,fail
203,null,fail
203,null,fail
203,null,pass
203,null,fail
203,null,fail
203,null,fail
203,null,fail
203,null,pass
204,null,fail
204,null,fail
204,null,fail
204,null,fail
204,null,fail
204,null,fail
204,null,fail
204,null,fail
204,null,fail
204,null,fail
204,null,fail
204,null,pass
204,null,fail
204,null,fail
204,null,fail
204,null,fail
204,null,fail
204,null,pass
205,null,pass
203,null,pass
204,null,pass
205,null,pass
204,null,pass
204,null,pass
204,null,pass
204,null,fail
204,null,fail
204,null,fail
204,null,fail
204,null,fail
204,null,fail
204,null,fail
204,null,fail
204,null,fail
204,null,fail
204,null,fail
204,null,fail
204,null,fail
204,null,fail
158,null,fail
158,,pass
220,null,fail
458,null,fail
458,null,pass
458,,pass
458,null,fail
458,null,fail
458,null,fail
458,null,fail
458,null,fail
630,null,fail
458,null,fail
458,null,fail
458,null,fail
458,null,fail
458,null,fail
458,null,fail
458,null,pass
458,null,pass
458,null,fail
458,null,fail
458,null,fail
458,null,fail
458,null,fail
458,null,fail
458,null,fail
458,null,fail
458,null,fail
458,null,fail
458,null,fail
458,null,fail
458,null,fail
458,null,fail
458,null,fail
458,null,fail
458,null,fail
458,,pass
458,null,pass
458,null,fail
458,null,fail
458,null,fail
458,null,fail
458,null,fail
458,null,fail
458,null,fail
458,null,fail
458,null,fail
458,null,pass
458,null,fail
458,null,fail
458,null,fail
458,null,fail
458,null,fail
458,null,fail
458,null,fail
458,null,fail
458,null,fail
458,null,fail
458,null,fail
458,null,fail
458,null,pass
458,null,fail
458,null,pass
458,null,fail
458,null,fail
458,null,fail
458,null,fail
464,null,pass
464,null,pass
464,null,fail
464,null,pass
162,null,pass
162,null,pass
162,null,pass
162,null,pass
162,null,pass
162,null,pass
162,null,pass
162,null,pass
162,null,fail
162,null,fail
162,null,pass
163,null,fail
163,null,fail
163,null,fail
163,null,fail
163,null,fail
163,null,fail
163,null,fail
163,null,fail
163,null,fail
163,null,fail
163,null,pass
163,null,pass
163,null,pass
163,null,fail
163,null,fail
163,null,pass
163,null,fail
163,null,fail
163,null,fail
163,null,fail
163,null,fail
163,null,pass
163,null,pass
164,null,fail
164,null,fail
164,null,pass
